<?xml version="1.0" encoding="UTF-8"?>
<theme xmlns="http://www.opensource-socialnetwork.org/theme/v/3.0">
    <name>Chatpluss</name>
    <id>chatpluss</id>
    <author>Rony</author>
    <author_url>https://www.ezicom.net/</author_url>	
    <description>A responsive theme for Ossn.</description>
    <license>Chat Pluss License (OSSN LICENSE)</license>
    <license_url>https://github.com/ronyman-com/chatpluss</license_url>
    <version>1.0</version>
	<requires>
		<type>ossn_version</type>
		<version>2.0</version>
	</requires>
</theme>
